first_name,last_name,email
Arron,Cordeau,acordeau0@github.com
Olly,Colbourne,ocolbourne1@pbs.org
Thorsten,Kalker,tkalker2@jalbum.net
Janna,Alans,jalans3@twitter.com
Dorene,Redfern,dredfern4@phpbb.com
Flori,Beckinsale,fbeckinsale5@miibeian.gov.cn
Holt,Mussalli,hmussalli6@bigcartel.com
Raoul,Ferrarone,rferrarone7@google.ca
Clovis,Siaskowski,csiaskowski8@go.com
Nowell,Meth,nmeth9@umich.edu
Cosme,Stanger,cstangera@ft.com
Felizio,Stoaks,fstoaksb@topsy.com
Spencer,Francescone,sfrancesconec@friendfeed.com
Stacey,Wooder,swooderd@so-net.ne.jp
Nyssa,Fincke,nfinckee@drupal.org
Elden,Rawles,erawlesf@meetup.com
Conney,Fleisch,cfleischg@de.vu
Neil,Brooksbank,nbrooksbankh@xrea.com
Hughie,Cowie,hcowiei@mashable.com
Patton,Dabney,pdabneyj@studiopress.com
Adele,Dillingham,adillinghamk@indiatimes.com
Trefor,Rapps,trappsl@barnesandnoble.com
Candra,Antognoni,cantognonim@sfgate.com
Benedikta,Mortimer,bmortimern@boston.com
Jojo,Wort,jworto@mlb.com
Ralph,Lamperti,rlampertip@cisco.com
Leslie,Haxell,lhaxellq@walmart.com
Keven,Greenier,kgreenierr@a8.net
Danika,Forsythe,dforsythes@go.com
Tynan,Offen,toffent@zimbio.com
Lincoln,Shotton,lshottonu@fc2.com
Dodi,Preshous,dpreshousv@usgs.gov
Teirtza,Bryer,tbryerw@twitpic.com
Wallie,Dossantos,wdossantosx@shareasale.com
Kane,Mugg,kmuggy@wsj.com
Rosa,Grzelewski,rgrzelewskiz@prlog.org
Humberto,Opy,hopy10@naver.com
Eduard,Dumphrey,edumphrey11@icio.us
Bernetta,Loveridge,bloveridge12@example.com
Claudio,Kennea,ckennea13@webmd.com
Vernice,Petyt,vpetyt14@ucla.edu
Fawnia,Sussams,fsussams15@abc.net.au
Hyman,Dran,hdran16@mozilla.com
Caleb,Clute,cclute17@nhs.uk
Madella,Biggans,mbiggans18@vkontakte.ru
Ivory,Cosens,icosens19@trellian.com
Ruddy,Oehme,roehme1a@usatoday.com
Rhianna,Dugmore,rdugmore1b@spiegel.de
Leontyne,Nutbeem,lnutbeem1c@sciencedaily.com
Duncan,Seefus,dseefus1d@deviantart.com
Guillaume,Gadson,ggadson1e@wikispaces.com
Vida,Fraulo,vfraulo1f@artisteer.com
Kingsley,McIntosh,kmcintosh1g@friendfeed.com
Miof mela,Burrel,mburrel1h@gnu.org
Alfredo,Euler,aeuler1i@arstechnica.com
Bobby,Soulsby,bsoulsby1j@addthis.com
Beniamino,Lavalde,blavalde1k@infoseek.co.jp
Teador,Findlow,tfindlow1l@cam.ac.uk
Hyatt,Gilstoun,hgilstoun1m@digg.com
Peggie,Shewon,pshewon1n@oracle.com
Oralle,Willes,owilles1o@redcross.org
Skipton,Fleg,sfleg1p@google.co.jp
Shina,McGrouther,smcgrouther1q@wikipedia.org
Stacie,Pittle,spittle1r@constantcontact.com
Linzy,Bantick,lbantick1s@ibm.com
Sharai,Oldham,soldham1t@cam.ac.uk
Meggie,Stallybrass,mstallybrass1u@netscape.com
Charita,Bridgwater,cbridgwater1v@ehow.com
Kirby,Chue,kchue1w@harvard.edu
Timotheus,Truckett,ttruckett1x@hugedomains.com
Teressa,German,tgerman1y@ezinearticles.com
Ellissa,Ramet,eramet1z@deliciousdays.com
Josefa,Sancto,jsancto20@360.cn
Klement,Pantridge,kpantridge21@microsoft.com
Silvio,O'Hartagan,sohartagan22@smugmug.com
Maryann,Doog,mdoog23@blogtalkradio.com
Benny,Baughn,bbaughn24@time.com
Boniface,Lister,blister25@berkeley.edu
Fulvia,Duchant,fduchant26@yale.edu
Jefferey,Kinder,jkinder27@blinklist.com
Dean,Galletly,dgalletly28@scribd.com
Filide,Tincknell,ftincknell29@amazon.com
Jodie,Firpo,jfirpo2a@cargocollective.com
Jo,Wards,jwards2b@house.gov
Rozalin,Thebeau,rthebeau2c@wp.com
Velvet,Obey,vobey2d@netscape.com
Tessa,Hornig,thornig2e@techcrunch.com
Shea,Szachniewicz,sszachniewicz2f@topsy.com
Ardith,Brekonridge,abrekonridge2g@gizmodo.com
Samuele,Dorkens,sdorkens2h@goo.gl
Olympie,Snalum,osnalum2i@samsung.com
Codie,Amsden,camsden2j@soup.io
Abagail,Murphey,amurphey2k@webnode.com
Koral,Larcombe,klarcombe2l@berkeley.edu
Auguste,Dahlback,adahlback2m@state.gov
Theobald,Bilfoot,tbilfoot2n@ezinearticles.com
Leonhard,Pluthero,lpluthero2o@studiopress.com
Tynan,Clue,tclue2p@google.de
Claire,Fenna,cfenna2q@globo.com
Huntington,Angless,hangless2r@list-manage.com

Fabrizio,Bautista,bautistafabrizio@gmail
Jose,Jimenez,jimenezfabrizio@gmail.com
Fabrizio,Bautista,bautistafabrizio@gmail
Jose,Jimenez,jimenezfabrizio@gmail.com
